halo_idx,r_scaled,rho_scaled
43,0.0011003054494530783,7817513.439881632
43,0.0013210387147392024,5036331.098613876
43,0.0015860534787928678,5970198.506724245
43,0.001904233092886742,4645833.536642738
43,0.0022862430053776014,4477437.469606385
43,0.002744888269804314,3733145.151578235
43,0.0032955427730067214,3143664.3563181376
43,0.003956664571083289,2519875.385652002
43,0.00475041460735845,1967435.631990194
43,0.005703399551917563,1513616.2856824722
43,0.006847563662848714,1158303.0312953521
43,0.008221259564569927,921972.280994004
43,0.009870533835959136,721930.2575483769
43,0.011850670501474531,544591.6919491156
43,0.014228044163416009,421313.9593676467
43,0.017082344892715387,330875.352994361
43,0.02050924945706801,251335.73231319984
43,0.024623628426541026,187679.0905462246
43,0.029563396659520607,140030.04559706332
43,0.0354941362381063,103228.9271964277
43,0.042614646814730386,75455.32644941148
43,0.05116360941880182,54902.64099587475
43,0.06142758709559115,39241.85564207625
43,0.0737506305604739,27853.70823617734
43,0.0885458108521064,19755.25156759035
43,0.10630906556152198,13826.373537109233
43,0.1276358227656924,9426.721875369627
43,0.1532409599033448,6261.5060658624125
43,0.18398276661879706,4335.479670768943
43,0.2208917148134356,2780.921237922255
43,0.26520500028308136,1909.6685961189055
43,0.3184080137842777,1290.0242580391175
43,0.3822841316484654,869.1863336171272
43,0.4589744949360234,614.820865354803
43,0.5510497809401385,562.2418845416825
43,0.6615963728365803,279.90588398386836
43,0.7943198159043792,108.87801307112528
43,0.9536690281919291,54.25834854755124
43,1.1449854291964723,19.331152304527176
43,1.3746819853820282,9.62517018791837
