halo_idx,r_scaled,rho_scaled
33,0.0011003054494530783,13975905.738135535
33,0.0013210387147392024,14427139.66484601
33,0.0015860534787928678,9856758.512446875
33,0.001904233092886742,9088467.899604917
33,0.0022862430053776014,8279873.834396127
33,0.002744888269804314,6989301.600296307
33,0.0032955427730067214,5645806.846389197
33,0.003956664571083289,4244996.366829102
33,0.00475041460735845,3424619.470952598
33,0.005703399551917563,2709456.1523833848
33,0.006847563662848714,2101773.320850243
33,0.008221259564569927,1628550.3213522525
33,0.009870533835959136,1306233.5517072757
33,0.011850670501474531,1013187.6788026502
33,0.014228044163416009,775286.1361579502
33,0.017082344892715387,595777.1904805301
33,0.02050924945706801,439038.85934753326
33,0.024623628426541026,326305.5358703504
33,0.029563396659520607,234441.947423295
33,0.0354941362381063,167841.84396066135
33,0.042614646814730386,119969.18871322152
33,0.05116360941880182,85087.81639805838
33,0.06142758709559115,59922.21188693364
33,0.0737506305604739,40261.43147142199
33,0.0885458108521064,26459.976246130187
33,0.10630906556152198,17517.881208599916
33,0.1276358227656924,12229.330792858416
33,0.1532409599033448,8499.979463392889
33,0.18398276661879706,5843.965232243229
33,0.2208917148134356,3941.8229569645723
33,0.26520500028308136,2527.271044705737
33,0.3184080137842777,1588.912625368159
33,0.3822841316484654,972.5451460961689
33,0.4589744949360234,557.5172185909831
33,0.5510497809401385,293.0743721786896
33,0.6615963728365803,159.90978955951425
33,0.7943198159043792,79.06020298999094
33,0.9536690281919291,53.453124592914655
33,1.1449854291964723,31.507859866077283
33,1.3746819853820282,15.150429256990613
