halo_idx,r_scaled,rho_scaled
3,0.0011003054494530783,14843723.371770808
3,0.0013210387147392024,13569600.765265504
3,0.0015860534787928678,13906319.716940653
3,0.001904233092886742,10514354.68925781
3,0.0022862430053776014,11385224.460839834
3,0.002744888269804314,9689549.85605765
3,0.0032955427730067214,8921836.161913933
3,0.003956664571083289,7132502.603593215
3,0.00475041460735845,5613458.546387508
3,0.005703399551917563,4306205.04509084
3,0.006847563662848714,3316394.1019385606
3,0.008221259564569927,2555750.058860633
3,0.009870533835959136,1865904.8589936374
3,0.011850670501474531,1391498.442454854
3,0.014228044163416009,1016854.8938510305
3,0.017082344892715387,759908.4190362117
3,0.02050924945706801,539395.8568554986
3,0.024623628426541026,402565.0881462323
3,0.029563396659520607,309252.5683156507
3,0.0354941362381063,235009.5909852958
3,0.042614646814730386,141799.78995915485
3,0.05116360941880182,85174.09411549484
3,0.06142758709559115,53438.768506649096
3,0.0737506305604739,34697.13636451052
3,0.0885458108521064,22452.311935380196
3,0.10630906556152198,15001.897454895272
3,0.1276358227656924,10175.192091270603
3,0.1532409599033448,6868.67948446667
3,0.18398276661879706,4621.4105504381305
3,0.2208917148134356,2927.521391646472
3,0.26520500028308136,1938.8654905287003
3,0.3184080137842777,1341.5697764982053
3,0.3822841316484654,925.8523794262246
3,0.4589744949360234,584.3555020402654
3,0.5510497809401385,351.9955107596748
3,0.6615963728365803,212.89470278330356
3,0.7943198159043792,115.18120538326558
3,0.9536690281919291,55.427151455628035
3,1.1449854291964723,19.94796229801258
3,1.3746819853820282,7.100486119667079
