halo_idx,r_scaled,rho_scaled
9,0.0011003054494530783,13105514.442372613
9,0.0013210387147392024,11813316.163763676
9,0.0015860534787928678,10326481.883828336
9,0.001904233092886742,11782011.892459553
9,0.0022862430053776014,9466767.290011466
9,0.002744888269804314,7529821.925536865
9,0.0032955427730067214,6340979.645327798
9,0.003956664571083289,4875871.6560770655
9,0.00475041460735845,3657708.317293987
9,0.005703399551917563,2738327.97031933
9,0.006847563662848714,2042260.8529834526
9,0.008221259564569927,1473505.045772384
9,0.009870533835959136,1087423.6212405039
9,0.011850670501474531,783374.4540895027
9,0.014228044163416009,567449.0694361744
9,0.017082344892715387,419923.8968870205
9,0.02050924945706801,301934.94904979033
9,0.024623628426541026,222336.72673449144
9,0.029563396659520607,165497.17586892235
9,0.0354941362381063,118068.63388794044
9,0.042614646814730386,84938.6266648798
9,0.05116360941880182,61446.89164492778
9,0.06142758709559115,45447.374784586114
9,0.0737506305604739,32921.72780618935
9,0.0885458108521064,24453.649865921496
9,0.10630906556152198,17544.804031091346
9,0.1276358227656924,12455.907622739254
9,0.1532409599033448,8527.930949552407
9,0.18398276661879706,5669.6370035924965
9,0.2208917148134356,4071.4424184934683
9,0.26520500028308136,2400.016268583447
9,0.3184080137842777,1558.1175830088343
9,0.3822841316484654,892.9754687705193
9,0.4589744949360234,500.20942886367885
9,0.5510497809401385,299.76308609713516
9,0.6615963728365803,186.65788044353351
9,0.7943198159043792,112.7594779758715
9,0.9536690281919291,60.38845676508888
9,1.1449854291964723,31.450414200875993
9,1.3746819853820282,15.632975952479612
