halo_idx,r_scaled,rho_scaled
30,0.0011003054494530783,9416024.232922474
30,0.0013210387147392024,8304339.963661573
30,0.0015860534787928678,9017720.698692895
30,0.001904233092886742,7983253.292441779
30,0.0022862430053776014,7071255.971640751
30,0.002744888269804314,6001192.99551439
30,0.0032955427730067214,5247532.907391986
30,0.003956664571083289,4044621.0315139242
30,0.00475041460735845,3383973.1454393486
30,0.005703399551917563,2745290.436182317
30,0.006847563662848714,1986198.4960217087
30,0.008221259564569927,1585467.178709104
30,0.009870533835959136,1185218.4846532661
30,0.011850670501474531,912331.8256963436
30,0.014228044163416009,686115.7788238195
30,0.017082344892715387,519751.35899855435
30,0.02050924945706801,381745.9447320283
30,0.024623628426541026,287416.01784008445
30,0.029563396659520607,208053.58407213097
30,0.0354941362381063,151405.18959270386
30,0.042614646814730386,109336.0707176872
30,0.05116360941880182,76963.42895344364
30,0.06142758709559115,54963.66591729475
30,0.0737506305604739,37941.303954141564
30,0.0885458108521064,26421.66010576224
30,0.10630906556152198,18006.909255703235
30,0.1276358227656924,12032.401160260184
30,0.1532409599033448,8114.207441771964
30,0.18398276661879706,5374.032641469384
30,0.2208917148134356,3400.6122363625636
30,0.26520500028308136,2179.4216745773165
30,0.3184080137842777,1366.9558061459977
30,0.3822841316484654,885.3577602117858
30,0.4589744949360234,509.3522105883392
30,0.5510497809401385,314.95813160206365
30,0.6615963728365803,192.15559819794197
30,0.7943198159043792,122.18924715189297
30,0.9536690281919291,59.46087505737825
30,1.1449854291964723,20.91594353911197
30,1.3746819853820282,6.860734035069413
