halo_idx,r_scaled,rho_scaled
30,0.0011003054494530783,8920444.010137081
30,0.0013210387147392024,8877053.06460375
30,0.0015860534787928678,9100452.08124971
30,0.001904233092886742,8031057.204372566
30,0.0022862430053776014,6933145.503444643
30,0.002744888269804314,5969271.756176547
30,0.0032955427730067214,5275200.0404713815
30,0.003956664571083289,4033963.2685850332
30,0.00475041460735845,3365498.314800007
30,0.005703399551917563,2750628.0066998457
30,0.006847563662848714,1989282.6551770216
30,0.008221259564569927,1581902.9962166892
30,0.009870533835959136,1188307.6727105728
30,0.011850670501474531,910943.4946572405
30,0.014228044163416009,686688.783482934
30,0.017082344892715387,520082.45299715205
30,0.02050924945706801,381631.1569366794
30,0.024623628426541026,287194.9285955921
30,0.029563396659520607,208245.209011409
30,0.0354941362381063,151301.84637909665
30,0.042614646814730386,109370.1929212349
30,0.05116360941880182,76960.96438866353
30,0.06142758709559115,54975.05853122723
30,0.0737506305604739,37937.18964847953
30,0.0885458108521064,26415.47904437345
30,0.10630906556152198,18011.030269981424
30,0.1276358227656924,12033.35364333266
30,0.1532409599033448,8113.198440168308
30,0.18398276661879706,5373.7146294187605
30,0.2208917148134356,3400.3978567298745
30,0.26520500028308136,2179.8109897402833
30,0.3184080137842777,1366.8842297489223
30,0.3822841316484654,885.399118541314
30,0.4589744949360234,509.33172684360215
30,0.5510497809401385,314.9719401909653
30,0.6615963728365803,192.14419978422998
30,0.7943198159043792,122.19122302398067
30,0.9536690281919291,59.459733357428995
30,1.1449854291964723,20.916383337748147
30,1.3746819853820282,6.860225785488152
