halo_idx,r_scaled,rho_scaled
0,0.0011003054494530783,12712586.348960212
0,0.0013210387147392024,13538942.659718724
0,0.0015860534787928678,12483642.122515382
0,0.001904233092886742,11108494.03989102
0,0.0022862430053776014,8224851.643871581
0,0.002744888269804314,7000289.59744205
0,0.0032955427730067214,5696276.267936274
0,0.003956664571083289,4540453.570693663
0,0.00475041460735845,3339087.080004256
0,0.005703399551917563,2645310.001544019
0,0.006847563662848714,1953562.2448607322
0,0.008221259564569927,1377995.3560934935
0,0.009870533835959136,1068321.3703315756
0,0.011850670501474531,782097.3766991023
0,0.014228044163416009,581145.1466057631
0,0.017082344892715387,408805.93912129884
0,0.02050924945706801,300072.4051913815
0,0.024623628426541026,219693.09454745703
0,0.029563396659520607,159636.45130952788
0,0.0354941362381063,111347.42182423348
0,0.042614646814730386,77189.4620957972
0,0.05116360941880182,52693.94125922809
0,0.06142758709559115,36815.38840602104
0,0.0737506305604739,26008.33189363636
0,0.0885458108521064,17790.80962731248
0,0.10630906556152198,12114.450850806
0,0.1276358227656924,8053.635613203094
0,0.1532409599033448,5275.945551668107
0,0.18398276661879706,3517.8007917030577
0,0.2208917148134356,2378.2639276146215
0,0.26520500028308136,1499.9784368801559
0,0.3184080137842777,909.2826713299918
0,0.3822841316484654,593.2775746903245
0,0.4589744949360234,370.07986439880045
0,0.5510497809401385,276.9797380629247
0,0.6615963728365803,290.38119895478445
0,0.7943198159043792,304.62233921446193
0,0.9536690281919291,78.49092273929425
0,1.1449854291964723,11.508420986474109
0,1.3746819853820282,5.897204098037518
