halo_idx,r_scaled,rho_scaled
33,0.0011003054494530783,8126403.319129209
33,0.0013210387147392024,5903045.905691015
33,0.0015860534787928678,6434202.602961576
33,0.001904233092886742,5867878.204107027
33,0.0022862430053776014,4995284.866431547
33,0.002744888269804314,4411823.425599781
33,0.0032955427730067214,3275129.462711956
33,0.003956664571083289,2886092.5644840943
33,0.00475041460735845,2068686.7307630854
33,0.005703399551917563,1693801.2015148888
33,0.006847563662848714,1298529.3685676963
33,0.008221259564569927,1031964.5284270984
33,0.009870533835959136,770932.2779374252
33,0.011850670501474531,590974.131284853
33,0.014228044163416009,464322.99469432485
33,0.017082344892715387,347592.7956988255
33,0.02050924945706801,265811.2754534848
33,0.024623628426541026,202046.90277963187
33,0.029563396659520607,154453.52559481078
33,0.0354941362381063,114416.40575846481
33,0.042614646814730386,85160.09319672591
33,0.05116360941880182,63079.43581898168
33,0.06142758709559115,47378.52104844309
33,0.0737506305604739,35355.713372152
33,0.0885458108521064,25062.21613910824
33,0.10630906556152198,18096.30182575384
33,0.1276358227656924,13719.810897543999
33,0.1532409599033448,9498.068949654727
33,0.18398276661879706,6226.680161447484
33,0.2208917148134356,3838.5556436247193
33,0.26520500028308136,2419.6951270896902
33,0.3184080137842777,1467.651867692542
33,0.3822841316484654,828.3475033891862
33,0.4589744949360234,511.28465877883326
33,0.5510497809401385,331.3602362863478
33,0.6615963728365803,193.50252941612175
33,0.7943198159043792,98.69369886501664
33,0.9536690281919291,60.797208248126005
33,1.1449854291964723,30.697366918512117
33,1.3746819853820282,18.93281297930288
