halo_idx,r_scaled,rho_scaled
34,0.0011003054494530783,8576294.127943235
34,0.0013210387147392024,9680630.703570308
34,0.0015860534787928678,9123008.713227972
34,0.001904233092886742,8965336.589132113
34,0.0022862430053776014,7403687.289957089
34,0.002744888269804314,6667520.3066684855
34,0.0032955427730067214,5144265.554259113
34,0.003956664571083289,4302136.971734103
34,0.00475041460735845,3601157.1198516665
34,0.005703399551917563,2829805.274537287
34,0.006847563662848714,2134924.2634978406
34,0.008221259564569927,1691184.472156277
34,0.009870533835959136,1240772.425397792
34,0.011850670501474531,963428.5417128569
34,0.014228044163416009,710551.0527050139
34,0.017082344892715387,513920.18081492675
34,0.02050924945706801,381956.07995834784
34,0.024623628426541026,282542.18594074046
34,0.029563396659520607,210394.7346786288
34,0.0354941362381063,151278.29604431847
34,0.042614646814730386,110413.9296627908
34,0.05116360941880182,78288.7908374748
34,0.06142758709559115,56340.646731935005
34,0.0737506305604739,39935.79108373506
34,0.0885458108521064,26968.630357852155
34,0.10630906556152198,17535.668813463213
34,0.1276358227656924,11455.223053539978
34,0.1532409599033448,7442.886740566783
34,0.18398276661879706,4839.729607019309
34,0.2208917148134356,3136.33359528898
34,0.26520500028308136,1932.4421531351836
34,0.3184080137842777,1163.4360008254516
34,0.3822841316484654,684.327400275161
34,0.4589744949360234,460.55547632341523
34,0.5510497809401385,321.7093359896286
34,0.6615963728365803,197.35320366675074
34,0.7943198159043792,159.24452130644002
34,0.9536690281919291,75.889705198937
34,1.1449854291964723,20.607654297457373
34,1.3746819853820282,7.686487696613423
